shap,lime
0.004524707807516015,0.0
0.029926243786060458,0.0
0.007106825581379428,0.0
0.018403731441361232,0.0
0.026716631419330006,0.0
0.004835571085388679,0.0
-0.004483644367862305,0.0
0.005210661831481667,0.0
0.020568822943093035,0.0
0.008481572723878616,0.0
0.01587726662129796,0.0
0.03563242111201914,0.0
0.016045057094798643,0.0
0.012572930517223746,0.0
-0.02391865514082786,-0.011936402843733466
0.01874285555749311,0.0
0.015935771088851025,0.0
0.01055401536758685,0.0
0.011013648885221439,0.013045221486685602
0.012501478035626623,0.0
0.021206843969596545,0.0
0.014534278159366532,0.0
0.02943227730916992,0.0
0.01855469666834625,0.0
0.004335597607307118,0.0
-0.004268034851475533,0.0
0.015473479701690884,0.0
0.004751718112049885,0.0
0.019015229886845342,0.0
0.0,0.0
0.01522074690125208,0.0
0.007063137375911244,0.0
0.02606416429482017,0.0
0.030699905739652422,0.0
0.001144203751934414,0.0
0.008466175479980464,0.0
0.0,0.0
0.004337513712491331,0.0
0.023756194608935577,0.0
0.01896507260078656,0.0
0.023155023827439003,0.01408188383669398
0.02729299133816182,0.0
0.0073878572486365535,0.0
0.006430713762395679,0.0
0.013033285081364615,0.0
0.010622789634163021,0.0
0.006121625924128682,0.0
0.01178772043008676,0.0
0.01785011080847554,0.0
0.022217861334704103,0.0
-0.006526785094787657,0.0
0.009325080994680324,0.0
0.013280055976165994,0.0
0.0,0.0
0.016170426503154006,0.0
0.02280618258190481,0.0
-0.00392190947765346,-0.009003282350052572
0.0,0.0
0.01652649194147565,0.0
0.009363411357144802,0.0
0.019461958597622897,0.0
-0.006544055971142437,0.0
0.007068695764005539,0.0
0.0075419665119355606,0.0
0.008606410724732116,0.0
0.003572358238205009,0.0
-0.0055294865189885745,0.0
0.01719764763197995,0.0
-0.007807749876936554,0.0
0.0,0.0
0.03739643067563281,0.0
0.0,0.0
0.0044575855191852365,0.0
0.021663735635394477,0.0
0.005539629754933162,0.0
0.03695852933096694,0.0
0.02498489881413013,0.0
0.0013991062070705107,0.0
0.0,0.0
0.004367338153843825,0.0
0.010379112541049784,0.0
0.0005448705166899992,0.0
0.0,0.0
0.020314402979183632,0.0
0.00461430453263173,0.0
0.0027893728824538444,0.0
0.005478712111826212,0.0
0.0007046077847830956,0.0
0.018985613354899955,0.0
0.014080777716262871,0.0
0.0018308297920545114,0.0
0.010636923072754212,0.0
0.006921747104253639,0.0
0.012560657179825241,0.0
-0.0034432111121953657,0.0
0.0,0.0
0.01735960562285216,0.0
0.036386073366208915,0.0
-0.004513297618624512,0.0
-0.002815578320680301,0.0
0.0,-0.008537452925913847
0.007136209986523034,0.011072109998214341
0.004532687320002671,0.0
0.0203409257711899,0.010236030019346943
-0.002623647579825583,0.0
0.019166545454644912,0.0
0.0144071789017301,0.0
-0.007290905646733931,0.0
0.0022304920169412545,0.0
-0.0023077922690923347,0.0
0.0032359926494150426,0.0
0.014532845471140698,0.0
0.02820032292540431,0.0
0.0016368224606625459,0.0
0.0063081882619343,0.0
0.017661296073312127,0.0
0.013810358454886568,0.0
0.003152807195474394,0.0
-0.00556945718861955,-0.012838140223891303
0.001649530055439663,0.0
0.003412660803026879,0.0
0.0025510847488294797,0.0
0.0005603799321645675,0.0
0.011976977337868011,0.0
0.0021684584166278,0.0
0.006726810410774914,0.0
0.016466146678815297,0.0
0.02277647352510609,0.0
-0.008960413371049136,0.0
0.017224733495609268,0.012758330957905361
-0.0041942333911617335,0.0
0.0031373974066963295,0.0
0.009279554877247187,0.0
0.0,0.0
0.001385411872389608,0.0
0.0030553401114992718,0.0
0.007176503957133651,0.0
0.003882966270757404,0.0
0.0005925998381789421,0.0
0.02056132684263645,0.0
0.005273412746215067,0.0
-0.012973433143518703,-0.015427959627346475
0.01490398250434799,0.0
0.007297629430723929,0.0
0.01161279863357012,0.0
0.010238945285329148,0.0
0.0,0.0
0.0046233994305842074,0.0
0.00828433382781163,0.010572507405577
-0.008438409751512,0.0
0.0,0.0
0.024653113685671135,0.0
0.0007858671977718223,0.0
0.006338836467944864,0.0
0.023725468384697856,0.0
-0.006831315425760709,0.0
-0.01181475544316049,0.0
0.015848363264811482,0.0
-0.010124900647766139,0.0
0.004703077775290998,0.0
0.01720199228792474,0.0
0.0032548310533873637,0.0
0.02657792527369196,0.0
0.00817854303932386,0.0
0.01815990523064398,0.0
0.015040812591181563,0.0
0.034223881128813305,0.0
0.02579508057455518,0.0
-0.003228278375124516,0.0
0.017516662934930843,0.0
-0.011535225125385323,0.0
0.01716586021701122,0.0
0.01903799675673004,0.0
0.017471920775885275,0.011954007540855596
0.015758135460201078,0.0
0.02468285964081529,0.0
0.0003404047843363345,0.0
0.0,0.0
0.02416431495622104,0.0
0.015648173540471266,0.0
0.0,0.0
0.002708896330033239,0.0
0.00924966369184893,0.0
0.003184677356291188,0.0
0.017563175054737423,0.0
0.001144895630030951,0.0
0.004807516409487234,0.0
-0.008749155286874699,0.0
0.02404067884627148,0.0
0.008180798374950005,0.0
0.012368465975163778,0.0
0.002889429387300746,0.0
0.0033538172887572215,0.0
0.04633448872567786,0.0
0.02144736382690926,0.0
0.0027485499446620043,0.0
0.03693918851934347,0.0
0.0,0.0
0.02953212183739462,0.0
0.005994803753034295,0.0
0.0,0.0
0.01710462920332062,0.0
-0.007041736178879765,0.0
0.012524932093812557,0.0
0.01217611323937895,0.0
0.01713449754256019,0.0
0.007006416475942245,0.0
0.0,0.0
0.01677808908572115,0.0
0.0,0.0
0.006400966151809462,0.010465667007557805
0.006202164287262307,0.0
0.0,0.0
0.008805868170890727,0.0
0.012592701664291772,0.0
-0.008033071544018111,0.0
0.018275432119233492,0.0
0.0029837475540008263,0.0
-0.0007189152699925427,0.0
0.0,0.0
0.0,0.0
0.0063439442165652005,0.0
0.010695130961303645,0.0
0.0015888602612046387,0.0
0.002202208868744615,0.0
0.022989716629156998,0.0
0.01647659893283937,0.0
0.0,0.0
0.0008275859111467332,0.0
0.0004106847329013452,0.0
0.013990058166451602,0.0
0.0007581490267175028,0.0
0.0,0.0
0.024969049850821157,0.0
0.0,0.0
-0.004914706394524113,0.0
0.004125248935904879,0.0
0.02224246497863447,0.0
0.009069602687898526,0.0
0.011450020267289307,0.0
0.012598073912046315,0.0
-0.007041683104552943,0.0
0.0,0.0
0.0,0.0
-0.0054131585434674945,0.0
0.01019272395910159,0.0
0.03461704243435548,0.0
0.0037475367116684977,0.0
0.005937276104801326,0.011522722355503584
0.010949021253497282,0.0
0.004362868208948323,0.0
0.02009659974847705,0.0
-0.001553179679041894,0.0
-0.005892581270492914,0.0
0.012506733858829666,0.0
0.005879824099254083,0.0
-0.0071877549182364775,0.0
0.015457411159411516,0.008696852601730688
0.0033053698653610075,0.0
0.01936476547640903,0.0
0.0029541973203450755,0.0
0.0048398286107522726,0.0
0.020225560814036814,0.0
-0.004409004229531999,0.0
0.001328132472500576,0.0
0.001775017116536659,0.0
0.018358222031652993,0.0
0.0,0.0
0.03349136794844343,0.0
0.020697350160803263,0.0
0.0,0.0
0.018587429602477668,0.0
0.01253831066040978,0.0
0.015050908251342476,0.0
0.0007462360131470502,0.0
0.004968632365755579,0.0
0.013874526059837966,0.0
0.020734318678885227,0.0
0.036019257553383144,0.013205759167750566
0.039728944218400286,0.0
0.0,0.0
0.015388299113734127,0.0
0.007321790284512741,0.0
0.008760614022051472,0.011856815327814565
0.009901384705461203,0.0
0.001508193774545863,0.0
-0.008363786097736137,0.0
0.004605706171500357,0.0
0.0067473732262414154,0.0
0.0,0.0
0.021164629569754068,0.0
0.004184589230088076,0.0
0.007080870495256242,0.0
0.0052164055155073386,0.0
0.009513091216840075,0.0
0.001703013783143803,0.0
0.002910549338545343,0.0
0.011252223505830439,0.0
0.0031500924820363485,0.0
0.0036839081119802164,0.0
0.024147743970194147,0.0
0.0,0.0
0.016109147118735734,0.0
0.008738174414350264,0.0
0.020787949165532837,0.0
0.007505781953063395,0.0
0.01565086947410471,0.0
0.019376502378197602,0.0
0.012738634407279237,0.0
0.0022002528550842393,0.0
0.0184256929289085,0.0
0.005165289364512743,0.0
0.005961570248253431,0.008938079054655516
0.04152008236869131,0.0
0.013816568788533573,0.009923966297449774
0.001844653908056354,0.0
0.0173329792272523,0.0
0.002931001834603153,0.0
0.012149133511991317,0.0
0.02260782486643695,0.0
0.0014460054904297803,0.0
0.007392105066876653,0.0
0.007578865601965745,0.0
0.025006091904190897,0.0
0.013324863371002138,0.0
0.016211944284503843,0.0
0.014454122519647797,0.012090082992726053
0.006094298220696459,0.0
0.018324001551622338,0.0
0.04350690565000764,0.0
0.0,0.0
0.011743451554486806,0.0
0.00377557197457834,0.0
0.010214319458013932,0.0
0.009929740341967086,0.0
0.02055405477318517,0.0
0.001856416532550531,0.0
0.006870931651299483,0.0
0.014641719052939262,0.0
0.011710851872124561,0.0
0.006596503714042579,0.0
0.009196565634665255,0.0
0.028150790717579866,0.0
0.014199341792904552,0.0
0.0034685530122240127,0.012233284293342913
0.011535814207861872,0.0
0.0,0.0
0.018898912175208338,0.0
0.012705059086537851,0.0
-0.00942995568361138,0.0
0.011334032045440923,0.0
0.014144941327386251,0.0
0.03390848835700144,0.0
-0.004989650118248257,0.0
0.00971684077633167,0.0
0.0006485780706421695,0.0
0.017243028169424524,0.0
0.00818040237986456,0.0
0.0030798408577412673,0.0
-0.008651403631813548,-0.018777200608079553
